[{"@type":"pcsTask","id":"@1","name":"PCTask_Demo1","runtimeEnvironmentId":"@5aPWcEJmEg6j7EhmLHFYY9","maxLogs":10,"pcXmlFile":"demo_wf.XML","workflowName":"demo_wf","sessionName":"s_m_ff_ftr","mappingName":"m_ff_ftr","serverlessProperties":{},"parameterFileName":"","parameterFileDir":"","paramFileType":"PARAM_FILE_LOCAL","transformations":[{"@type":"pcsTransformation","name":"SQ_ff_customer1","type":"SQ_ff_customer1","description":""},{"@type":"pcsTransformation","name":"ff_customer","type":"ff_customer","description":""},{"@type":"pcsTransformation","name":"SQ_ff_customer","type":"SQ_ff_customer","description":""},{"@type":"pcsTransformation","name":"ftr","type":"ftr","description":""}],"connections":[],"parameters":[],"inOutParameters":[{"@type":"pcsTaskInOutParameter","id":"-1","name":"c_name","description":"this is default property for parameter file","initialValue":"'Customer#000000002'","datatype":"STRING","precision":"18","scale":"0","retentionPolicy":"ON_SUCCESS_OR_WARNING","aggregationType":"MAX","currentValue":"'Customer#00000000"},{"@type":"pcsTaskInOutParameter","id":"-1","name":"c_custkey","description":"this is default property for parameter file","initialValue":"2","datatype":"DECIMAL","precision":"3","scale":"0","retentionPolicy":"ON_SUCCESS_OR_WARNING","aggregationType":"MAX","currentValue":"2"}]}]