[{"@type":"pcsTask","id":"@1","name":"PC_Task","runtimeEnvironmentId":"@glOOQ6Z4RSch48gh3CZwsW","maxLogs":10,"pcXmlFile":"w_FF_FF.XML","workflowName":"w_FF_FF","sessionName":"s_FF_FF","mappingName":"m_FF_FF","serverlessProperties":{},"parameterFileName":"","parameterFileDir":"","paramFileType":"PARAM_FILE_LOCAL","transformations":[{"@type":"pcsTransformation","name":"Hana_write_emp1","type":"Hana_write_emp1","description":""},{"@type":"pcsTransformation","name":"SQ_Hana_write_emp","type":"SQ_Hana_write_emp","description":""},{"@type":"pcsTransformation","name":"Hana_write_emp","type":"Hana_write_emp","description":""}],"connections":[],"parameters":[],"inOutParameters":[]}]