{"name":"Google Maps Directions","sourceOrgId":"4zIsCnofvP9lgX3Rdy0Mm0","sourceOrgName":"ishwar","exportedObjects":[{"@type":"ContainerInfo","objectGuid":"7cCn5thwWFLhiZoSosphKL","objectName":"REG","objectType":"Space","modelVersion":{"major":1,"minor":0},"urlInfo":{"parentInfo":[],"parentRefs":[]},"repoInfo":{"repoHandle":null},"objectRefs":[],"contextAttributes":null,"additionalInfo":null,"objectExistence":"REFERENCE_ONLY"},{"@type":"ContainerInfo","objectGuid":"1CcHSvGLHeNbodbmbSQHiX","objectName":"Pramod","objectType":"Project","modelVersion":{"major":0,"minor":0},"urlInfo":{"parentInfo":[{"parentGuid":"7cCn5thwWFLhiZoSosphKL","parentName":"REG","parentType":"Space"}],"parentRefs":["7cCn5thwWFLhiZoSosphKL"]},"repoInfo":null,"objectRefs":[],"contextAttributes":[],"additionalInfo":{"description":"","contentType":"Binary","documentState":"COMPLETE"},"objectExistence":"WITHOUT_DEPENDENCIES"},{"@type":"ContainerInfo","objectGuid":"6VwSqnBBwhglNrht2WyJmB","objectName":"Folder 2","objectType":"Folder","modelVersion":{"major":0,"minor":0},"urlInfo":{"parentInfo":[{"parentGuid":"7cCn5thwWFLhiZoSosphKL","parentName":"REG","parentType":"Space"},{"parentGuid":"1CcHSvGLHeNbodbmbSQHiX","parentName":"Pramod","parentType":"Project"}],"parentRefs":["7cCn5thwWFLhiZoSosphKL","1CcHSvGLHeNbodbmbSQHiX"]},"repoInfo":null,"objectRefs":[],"contextAttributes":[],"additionalInfo":{"description":"","contentType":"Binary","documentState":"COMPLETE"},"objectExistence":"WITHOUT_DEPENDENCIES"},{"@type":"AssetInfo","objectGuid":"7TFhXqQqpEehB2lIBjRIyb","objectName":"Google Maps Directions","objectType":"AI_SERVICE_CONNECTOR","modelVersion":{"major":1,"minor":0},"urlInfo":{"parentInfo":[{"parentGuid":"7cCn5thwWFLhiZoSosphKL","parentName":"REG","parentType":"Space"},{"parentGuid":"1CcHSvGLHeNbodbmbSQHiX","parentName":"Pramod","parentType":"Project"},{"parentGuid":"6VwSqnBBwhglNrht2WyJmB","parentName":"Folder 2","parentType":"Folder"}],"parentRefs":["7cCn5thwWFLhiZoSosphKL","1CcHSvGLHeNbodbmbSQHiX","6VwSqnBBwhglNrht2WyJmB"]},"repoInfo":{"repoHandle":"cgolp6oIuQaaabc-gt-8950-2018-02-19T22:31:19.033-08:00::svc.xml"},"objectRefs":[],"contextAttributes":null,"additionalInfo":{"description":"Return multi-part directions for a series of waypoints. Directions for several modes of transportation are available","contentType":"application/json; charset=utf-8","documentState":"VALID"},"objectExistence":"WITH_DEPENDENCIES"}]}