[{"@type":"dssTask","id":"@1","name":"DSS_Auto","description":"Hello","maxLogs":10,"sourceConnectionId":"@3OnryBdq4IYjcxBfYat1MC","targetConnectionId":"@3tfpEH4x8pEhtFnj5JejG9","targetObject":"ConnectedApplication.csv","operation":"Insert","maxRows":100,"truncateTarget":false,"bulkApiDBTarget":false,"verbose":false,"tgtFlatFileAttrs":{"@type":"flatFileAttrs","id":2931951,"delimiter":",","textQualifier":"\"","escapeChar":"","headerLineNo":1,"firstDataRow":2},"targetMetadataUpdated":false,"modelVersion":"V3-R600","queryAll":false,"srcSettings":{"@type":"taskDataSourceSetting","isShowLabels":true,"isNaturalOrder":true},"tgtSettings":{"@type":"taskDataSourceSetting","isShowLabels":false,"isNaturalOrder":true},"cfSettings":{"@type":"taskDataSourceSetting","isShowLabels":false,"isNaturalOrder":false},"bulkApi":false,"bulkApiSerialMode":false,"bulkApiMonitor":false,"isTargetObjectSfCustom":false,"allowNullUpdates":false,"targetBatchSize":200,"assignmentRuleId":"-1","assignmentRuleType":"None","createSuccessFile":false,"bulkApiHardDelete":false,"srcRuntimeAttrs":{"@type":"taskRuntimeAttrs","attrs":{}},"tgtRuntimeAttrs":{"@type":"taskRuntimeAttrs","attrs":{}},"parameterFileEncoding":"UTF-8","serverlessProperties":{},"sourceObjects":[{"@type":"mObject","name":"ConnectedApplication","label":"Connected App","metadataUpdated":false,"relations":[],"children":[]}],"advancedFilters":[],"filters":[],"fieldMaps":[{"@type":"fieldMap","id":"35799369","targetField":{"@type":"field","id":150959425,"name":"Id","type":"nstring","uniqueName":"Id","label":"Id","parentObject":"ConnectedApplication.csv","pcType":"UNISTRING","precision":18,"scale":0,"columnIndex":0,"isKey":false,"isExternalId":false,"isSfIdLookup":false,"isNullable":true,"isUnique":false,"isCreateable":false,"isUpdateable":true,"isFilterable":true,"isCalculated":false,"showLabel":false,"naturalOrder":0,"linkedFields":["Id"],"relatedInfos":[],"references":[]},"expression":"Id"},{"@type":"fieldMap","id":"35799371","targetField":{"@type":"field","id":150959427,"name":"Name","type":"nstring","uniqueName":"Name","label":"Name","parentObject":"ConnectedApplication.csv","pcType":"UNISTRING","precision":80,"scale":0,"columnIndex":1,"isKey":false,"isExternalId":false,"isSfIdLookup":false,"isNullable":true,"isUnique":false,"isCreateable":false,"isUpdateable":true,"isFilterable":true,"isCalculated":false,"showLabel":false,"naturalOrder":0,"linkedFields":["Name"],"relatedInfos":[],"references":[]},"expression":"Name"},{"@type":"fieldMap","id":"35799373","targetField":{"@type":"field","id":150959429,"name":"CreatedDate","type":"datetime","uniqueName":"CreatedDate","label":"CreatedDate","parentObject":"ConnectedApplication.csv","pcType":"DATE","precision":19,"scale":0,"columnIndex":2,"isKey":false,"isExternalId":false,"isSfIdLookup":false,"isNullable":true,"isUnique":false,"isCreateable":false,"isUpdateable":true,"isFilterable":true,"isCalculated":false,"showLabel":false,"naturalOrder":0,"linkedFields":["CreatedDate"],"relatedInfos":[],"references":[]},"expression":"CreatedDate"},{"@type":"fieldMap","id":"35799375","targetField":{"@type":"field","id":150959431,"name":"CreatedById","type":"nstring","uniqueName":"CreatedById","label":"CreatedById","parentObject":"ConnectedApplication.csv","pcType":"UNISTRING","precision":18,"scale":0,"columnIndex":3,"isKey":false,"isExternalId":false,"isSfIdLookup":false,"isNullable":true,"isUnique":false,"isCreateable":false,"isUpdateable":true,"isFilterable":true,"isCalculated":false,"showLabel":false,"naturalOrder":0,"linkedFields":["CreatedById"],"relatedInfos":[],"references":[]},"expression":"CreatedById"},{"@type":"fieldMap","id":"35799377","targetField":{"@type":"field","id":150959433,"name":"LastModifiedDate","type":"datetime","uniqueName":"LastModifiedDate","label":"LastModifiedDate","parentObject":"ConnectedApplication.csv","pcType":"DATE","precision":19,"scale":0,"columnIndex":4,"isKey":false,"isExternalId":false,"isSfIdLookup":false,"isNullable":true,"isUnique":false,"isCreateable":false,"isUpdateable":true,"isFilterable":true,"isCalculated":false,"showLabel":false,"naturalOrder":0,"linkedFields":["LastModifiedDate"],"relatedInfos":[],"references":[]},"expression":"LastModifiedDate"},{"@type":"fieldMap","id":"35799379","targetField":{"@type":"field","id":150959435,"name":"LastModifiedById","type":"nstring","uniqueName":"LastModifiedById","label":"LastModifiedById","parentObject":"ConnectedApplication.csv","pcType":"UNISTRING","precision":18,"scale":0,"columnIndex":5,"isKey":false,"isExternalId":false,"isSfIdLookup":false,"isNullable":true,"isUnique":false,"isCreateable":false,"isUpdateable":true,"isFilterable":true,"isCalculated":false,"showLabel":false,"naturalOrder":0,"linkedFields":["LastModifiedById"],"relatedInfos":[],"references":[]},"expression":"LastModifiedById"},{"@type":"fieldMap","id":"35799381","targetField":{"@type":"field","id":150959437,"name":"SystemModstamp","type":"datetime","uniqueName":"SystemModstamp","label":"SystemModstamp","parentObject":"ConnectedApplication.csv","pcType":"DATE","precision":19,"scale":0,"columnIndex":6,"isKey":false,"isExternalId":false,"isSfIdLookup":false,"isNullable":true,"isUnique":false,"isCreateable":false,"isUpdateable":true,"isFilterable":true,"isCalculated":false,"showLabel":false,"naturalOrder":0,"linkedFields":["SystemModstamp"],"relatedInfos":[],"references":[]},"expression":"SystemModstamp"},{"@type":"fieldMap","id":"35799383","targetField":{"@type":"field","id":150959439,"name":"OptionsAllowAdminApprovedUsersOnly","type":"int","uniqueName":"OptionsAllowAdminApprovedUsersOnly","label":"OptionsAllowAdminApprovedUsersOnly","parentObject":"ConnectedApplication.csv","pcType":"INT","precision":10,"scale":0,"columnIndex":7,"isKey":false,"isExternalId":false,"isSfIdLookup":false,"isNullable":true,"isUnique":false,"isCreateable":false,"isUpdateable":true,"isFilterable":true,"isCalculated":false,"showLabel":false,"naturalOrder":0,"linkedFields":["OptionsAllowAdminApprovedUsersOnly"],"relatedInfos":[],"references":[]},"expression":"OptionsAllowAdminApprovedUsersOnly"},{"@type":"fieldMap","id":"35799385","targetField":{"@type":"field","id":150959441,"name":"OptionsRefreshTokenValidityMetric","type":"int","uniqueName":"OptionsRefreshTokenValidityMetric","label":"OptionsRefreshTokenValidityMetric","parentObject":"ConnectedApplication.csv","pcType":"INT","precision":10,"scale":0,"columnIndex":8,"isKey":false,"isExternalId":false,"isSfIdLookup":false,"isNullable":true,"isUnique":false,"isCreateable":false,"isUpdateable":true,"isFilterable":true,"isCalculated":false,"showLabel":false,"naturalOrder":0,"linkedFields":["OptionsRefreshTokenValidityMetric"],"relatedInfos":[],"references":[]},"expression":"OptionsRefreshTokenValidityMetric"},{"@type":"fieldMap","id":"35799387","targetField":{"@type":"field","id":150959443,"name":"OptionsHasSessionLevelPolicy","type":"int","uniqueName":"OptionsHasSessionLevelPolicy","label":"OptionsHasSessionLevelPolicy","parentObject":"ConnectedApplication.csv","pcType":"INT","precision":10,"scale":0,"columnIndex":9,"isKey":false,"isExternalId":false,"isSfIdLookup":false,"isNullable":true,"isUnique":false,"isCreateable":false,"isUpdateable":true,"isFilterable":true,"isCalculated":false,"showLabel":false,"naturalOrder":0,"linkedFields":["OptionsHasSessionLevelPolicy"],"relatedInfos":[],"references":[]},"expression":"OptionsHasSessionLevelPolicy"},{"@type":"fieldMap","id":"35799389","targetField":{"@type":"field","id":150959445,"name":"OptionsIsInternal","type":"int","uniqueName":"OptionsIsInternal","label":"OptionsIsInternal","parentObject":"ConnectedApplication.csv","pcType":"INT","precision":10,"scale":0,"columnIndex":10,"isKey":false,"isExternalId":false,"isSfIdLookup":false,"isNullable":true,"isUnique":false,"isCreateable":false,"isUpdateable":true,"isFilterable":true,"isCalculated":false,"showLabel":false,"naturalOrder":0,"linkedFields":["OptionsIsInternal"],"relatedInfos":[],"references":[]},"expression":"OptionsIsInternal"},{"@type":"fieldMap","id":"35799391","targetField":{"@type":"field","id":150959447,"name":"MobileSessionTimeout","type":"nstring","uniqueName":"MobileSessionTimeout","label":"MobileSessionTimeout","parentObject":"ConnectedApplication.csv","pcType":"UNISTRING","precision":40,"scale":0,"columnIndex":11,"isKey":false,"isExternalId":false,"isSfIdLookup":false,"isNullable":true,"isUnique":false,"isCreateable":false,"isUpdateable":true,"isFilterable":true,"isCalculated":false,"showLabel":false,"naturalOrder":0,"linkedFields":["MobileSessionTimeout"],"relatedInfos":[],"references":[]},"expression":"MobileSessionTimeout"},{"@type":"fieldMap","id":"35799393","targetField":{"@type":"field","id":150959449,"name":"PinLength","type":"nstring","uniqueName":"PinLength","label":"PinLength","parentObject":"ConnectedApplication.csv","pcType":"UNISTRING","precision":40,"scale":0,"columnIndex":12,"isKey":false,"isExternalId":false,"isSfIdLookup":false,"isNullable":true,"isUnique":false,"isCreateable":false,"isUpdateable":true,"isFilterable":true,"isCalculated":false,"showLabel":false,"naturalOrder":0,"linkedFields":["PinLength"],"relatedInfos":[],"references":[]},"expression":"PinLength"},{"@type":"fieldMap","id":"35799395","targetField":{"@type":"field","id":150959451,"name":"StartUrl","type":"nstring","uniqueName":"StartUrl","label":"StartUrl","parentObject":"ConnectedApplication.csv","pcType":"UNISTRING","precision":2400,"scale":0,"columnIndex":13,"isKey":false,"isExternalId":false,"isSfIdLookup":false,"isNullable":true,"isUnique":false,"isCreateable":false,"isUpdateable":true,"isFilterable":true,"isCalculated":false,"showLabel":false,"naturalOrder":0,"linkedFields":["StartUrl"],"relatedInfos":[],"references":[]},"expression":"StartUrl"},{"@type":"fieldMap","id":"35799397","targetField":{"@type":"field","id":150959453,"name":"MobileStartUrl","type":"nstring","uniqueName":"MobileStartUrl","label":"MobileStartUrl","parentObject":"ConnectedApplication.csv","pcType":"UNISTRING","precision":2400,"scale":0,"columnIndex":14,"isKey":false,"isExternalId":false,"isSfIdLookup":false,"isNullable":true,"isUnique":false,"isCreateable":false,"isUpdateable":true,"isFilterable":true,"isCalculated":false,"showLabel":false,"naturalOrder":0,"linkedFields":["MobileStartUrl"],"relatedInfos":[],"references":[]},"expression":"MobileStartUrl"},{"@type":"fieldMap","id":"35799399","targetField":{"@type":"field","id":150959455,"name":"RefreshTokenValidityPeriod","type":"int","uniqueName":"RefreshTokenValidityPeriod","label":"RefreshTokenValidityPeriod","parentObject":"ConnectedApplication.csv","pcType":"INT","precision":10,"scale":0,"columnIndex":15,"isKey":false,"isExternalId":false,"isSfIdLookup":false,"isNullable":true,"isUnique":false,"isCreateable":false,"isUpdateable":true,"isFilterable":true,"isCalculated":false,"showLabel":false,"naturalOrder":0,"linkedFields":["RefreshTokenValidityPeriod"],"relatedInfos":[],"references":[]},"expression":"RefreshTokenValidityPeriod"}],"sourceFields":[{"@type":"field","id":150959457,"name":"Id","type":"id","uniqueName":"Id","label":"Connected App ID","parentObject":"ConnectedApplication","pcType":"STRING","precision":18,"scale":0,"columnIndex":0,"isKey":true,"isExternalId":false,"isSfIdLookup":true,"isNullable":false,"isUnique":false,"isCreateable":false,"isUpdateable":false,"isFilterable":true,"isCalculated":false,"showLabel":true,"naturalOrder":0,"linkedFields":["Id"],"relatedInfos":[],"references":[]},{"@type":"field","id":150959459,"name":"Name","type":"string","uniqueName":"Name","label":"Connected App Name","parentObject":"ConnectedApplication","pcType":"STRING","precision":80,"scale":0,"columnIndex":1,"isKey":false,"isExternalId":false,"isSfIdLookup":true,"isNullable":false,"isUnique":false,"isCreateable":false,"isUpdateable":false,"isFilterable":true,"isCalculated":false,"showLabel":true,"naturalOrder":1,"linkedFields":["Name"],"relatedInfos":[],"references":[]},{"@type":"field","id":150959461,"name":"CreatedDate","type":"datetime","uniqueName":"CreatedDate","label":"Created Date","parentObject":"ConnectedApplication","pcType":"DATE","precision":24,"scale":0,"columnIndex":2,"isKey":false,"isExternalId":false,"isSfIdLookup":false,"isNullable":false,"isUnique":false,"isCreateable":false,"isUpdateable":false,"isFilterable":true,"isCalculated":false,"showLabel":true,"naturalOrder":2,"linkedFields":["CreatedDate"],"relatedInfos":[],"references":[]},{"@type":"field","id":150959463,"name":"CreatedById","type":"reference","uniqueName":"CreatedById","label":"Created By ID","parentObject":"ConnectedApplication","pcType":"STRING","precision":18,"scale":0,"columnIndex":3,"isKey":false,"isExternalId":false,"isSfIdLookup":false,"isNullable":false,"isUnique":false,"isCreateable":false,"isUpdateable":false,"isFilterable":true,"isCalculated":false,"showLabel":true,"naturalOrder":3,"linkedFields":["CreatedById"],"relatedInfos":[{"@type":"fieldRelatedInfo","id":2603311,"referenceObject":"User","relationshipName":"CreatedBy","referenceField":{"@type":"field","id":-1,"precision":0,"scale":0,"columnIndex":-1,"isKey":false,"isExternalId":false,"isSfIdLookup":false,"isNullable":true,"isUnique":false,"isCreateable":false,"isUpdateable":true,"isFilterable":true,"isCalculated":false,"showLabel":true,"naturalOrder":0,"linkedFields":[],"relatedInfos":[],"references":[]}}],"references":[]},{"@type":"field","id":150959465,"name":"LastModifiedDate","type":"datetime","uniqueName":"LastModifiedDate","label":"Last Modified Date","parentObject":"ConnectedApplication","pcType":"DATE","precision":24,"scale":0,"columnIndex":4,"isKey":false,"isExternalId":false,"isSfIdLookup":false,"isNullable":false,"isUnique":false,"isCreateable":false,"isUpdateable":false,"isFilterable":true,"isCalculated":false,"showLabel":true,"naturalOrder":4,"linkedFields":["LastModifiedDate"],"relatedInfos":[],"references":[]},{"@type":"field","id":150959467,"name":"LastModifiedById","type":"reference","uniqueName":"LastModifiedById","label":"Last Modified By ID","parentObject":"ConnectedApplication","pcType":"STRING","precision":18,"scale":0,"columnIndex":5,"isKey":false,"isExternalId":false,"isSfIdLookup":false,"isNullable":false,"isUnique":false,"isCreateable":false,"isUpdateable":false,"isFilterable":true,"isCalculated":false,"showLabel":true,"naturalOrder":5,"linkedFields":["LastModifiedById"],"relatedInfos":[{"@type":"fieldRelatedInfo","id":2603313,"referenceObject":"User","relationshipName":"LastModifiedBy","referenceField":{"@type":"field","id":-1,"precision":0,"scale":0,"columnIndex":-1,"isKey":false,"isExternalId":false,"isSfIdLookup":false,"isNullable":true,"isUnique":false,"isCreateable":false,"isUpdateable":true,"isFilterable":true,"isCalculated":false,"showLabel":true,"naturalOrder":0,"linkedFields":[],"relatedInfos":[],"references":[]}}],"references":[]},{"@type":"field","id":150959469,"name":"SystemModstamp","type":"datetime","uniqueName":"SystemModstamp","label":"System Modstamp","parentObject":"ConnectedApplication","pcType":"DATE","precision":24,"scale":0,"columnIndex":6,"isKey":false,"isExternalId":false,"isSfIdLookup":false,"isNullable":false,"isUnique":false,"isCreateable":false,"isUpdateable":false,"isFilterable":true,"isCalculated":false,"showLabel":true,"naturalOrder":6,"linkedFields":["SystemModstamp"],"relatedInfos":[],"references":[]},{"@type":"field","id":150959471,"name":"OptionsAllowAdminApprovedUsersOnly","type":"boolean","uniqueName":"OptionsAllowAdminApprovedUsersOnly","label":"AllowAdminApprovedUsersOnly","parentObject":"ConnectedApplication","pcType":"INT","precision":10,"scale":0,"columnIndex":7,"isKey":false,"isExternalId":false,"isSfIdLookup":false,"isNullable":false,"isUnique":false,"isCreateable":false,"isUpdateable":false,"isFilterable":true,"isCalculated":false,"showLabel":true,"naturalOrder":7,"linkedFields":["OptionsAllowAdminApprovedUsersOnly"],"relatedInfos":[],"references":[]},{"@type":"field","id":150959473,"name":"OptionsRefreshTokenValidityMetric","type":"boolean","uniqueName":"OptionsRefreshTokenValidityMetric","label":"RefreshTokenValidityMetric","parentObject":"ConnectedApplication","pcType":"INT","precision":10,"scale":0,"columnIndex":8,"isKey":false,"isExternalId":false,"isSfIdLookup":false,"isNullable":false,"isUnique":false,"isCreateable":false,"isUpdateable":false,"isFilterable":true,"isCalculated":false,"showLabel":true,"naturalOrder":8,"linkedFields":["OptionsRefreshTokenValidityMetric"],"relatedInfos":[],"references":[]},{"@type":"field","id":150959475,"name":"OptionsHasSessionLevelPolicy","type":"boolean","uniqueName":"OptionsHasSessionLevelPolicy","label":"HasSessionLevelPolicy","parentObject":"ConnectedApplication","pcType":"INT","precision":10,"scale":0,"columnIndex":9,"isKey":false,"isExternalId":false,"isSfIdLookup":false,"isNullable":false,"isUnique":false,"isCreateable":false,"isUpdateable":false,"isFilterable":true,"isCalculated":false,"showLabel":true,"naturalOrder":9,"linkedFields":["OptionsHasSessionLevelPolicy"],"relatedInfos":[],"references":[]},{"@type":"field","id":150959477,"name":"OptionsIsInternal","type":"boolean","uniqueName":"OptionsIsInternal","label":"isInternal","parentObject":"ConnectedApplication","pcType":"INT","precision":10,"scale":0,"columnIndex":10,"isKey":false,"isExternalId":false,"isSfIdLookup":false,"isNullable":false,"isUnique":false,"isCreateable":false,"isUpdateable":false,"isFilterable":true,"isCalculated":false,"showLabel":true,"naturalOrder":10,"linkedFields":["OptionsIsInternal"],"relatedInfos":[],"references":[]},{"@type":"field","id":150959479,"name":"MobileSessionTimeout","type":"picklist","uniqueName":"MobileSessionTimeout","label":"Require PIN after:","parentObject":"ConnectedApplication","pcType":"STRING","precision":40,"scale":0,"columnIndex":11,"isKey":false,"isExternalId":false,"isSfIdLookup":false,"isNullable":true,"isUnique":false,"isCreateable":false,"isUpdateable":false,"isFilterable":true,"isCalculated":false,"showLabel":true,"naturalOrder":11,"linkedFields":["MobileSessionTimeout"],"relatedInfos":[],"references":[]},{"@type":"field","id":150959481,"name":"PinLength","type":"picklist","uniqueName":"PinLength","label":"Pin Length","parentObject":"ConnectedApplication","pcType":"STRING","precision":40,"scale":0,"columnIndex":12,"isKey":false,"isExternalId":false,"isSfIdLookup":false,"isNullable":true,"isUnique":false,"isCreateable":false,"isUpdateable":false,"isFilterable":true,"isCalculated":false,"showLabel":true,"naturalOrder":12,"linkedFields":["PinLength"],"relatedInfos":[],"references":[]},{"@type":"field","id":150959483,"name":"StartUrl","type":"url","uniqueName":"StartUrl","label":"Start URL","parentObject":"ConnectedApplication","pcType":"STRING","precision":2400,"scale":0,"columnIndex":13,"isKey":false,"isExternalId":false,"isSfIdLookup":false,"isNullable":true,"isUnique":false,"isCreateable":false,"isUpdateable":false,"isFilterable":true,"isCalculated":false,"showLabel":true,"naturalOrder":13,"linkedFields":["StartUrl"],"relatedInfos":[],"references":[]},{"@type":"field","id":150959485,"name":"MobileStartUrl","type":"url","uniqueName":"MobileStartUrl","label":"Mobile Start URL","parentObject":"ConnectedApplication","pcType":"STRING","precision":2400,"scale":0,"columnIndex":14,"isKey":false,"isExternalId":false,"isSfIdLookup":false,"isNullable":true,"isUnique":false,"isCreateable":false,"isUpdateable":false,"isFilterable":true,"isCalculated":false,"showLabel":true,"naturalOrder":14,"linkedFields":["MobileStartUrl"],"relatedInfos":[],"references":[]},{"@type":"field","id":150959487,"name":"RefreshTokenValidityPeriod","type":"int","uniqueName":"RefreshTokenValidityPeriod","label":"Refresh Token Policy:","parentObject":"ConnectedApplication","pcType":"INT","precision":10,"scale":0,"columnIndex":15,"isKey":false,"isExternalId":false,"isSfIdLookup":false,"isNullable":true,"isUnique":false,"isCreateable":false,"isUpdateable":false,"isFilterable":true,"isCalculated":false,"showLabel":true,"naturalOrder":15,"linkedFields":["RefreshTokenValidityPeriod"],"relatedInfos":[],"references":[]}],"sortFields":[],"groupFields":[]}]