[{"@type":"dssTask","id":"@1","name":"DSS_Auto_old2","description":"","maxLogs":10,"sourceConnectionId":"@0GVziE0zr8MlseBYAAeG4R","targetConnectionId":"@k9mds5PEa6jbRl9g5ouuaf","targetObject":"ConnectedApplication.csv","operation":"Insert","maxRows":100,"truncateTarget":false,"bulkApiDBTarget":false,"verbose":false,"tgtFlatFileAttrs":{"@type":"flatFileAttrs","id":5888953,"delimiter":",","textQualifier":"\"","escapeChar":"","headerLineNo":1,"firstDataRow":2},"targetMetadataUpdated":false,"modelVersion":"V3-R600","queryAll":false,"srcSettings":{"@type":"taskDataSourceSetting","isShowLabels":true,"isNaturalOrder":true},"tgtSettings":{"@type":"taskDataSourceSetting","isShowLabels":false,"isNaturalOrder":true},"cfSettings":{"@type":"taskDataSourceSetting","isShowLabels":false,"isNaturalOrder":true},"bulkApi":false,"bulkApiSerialMode":false,"bulkApiMonitor":false,"isTargetObjectSfCustom":false,"allowNullUpdates":false,"targetBatchSize":200,"assignmentRuleId":"-1","assignmentRuleType":"None","createSuccessFile":false,"bulkApiHardDelete":false,"srcRuntimeAttrs":{"@type":"taskRuntimeAttrs","attrs":{}},"tgtRuntimeAttrs":{"@type":"taskRuntimeAttrs","attrs":{}},"parameterFileEncoding":"UTF-8","serverlessProperties":{},"sourceObjects":[{"@type":"mObject","name":"ConnectedApplication","label":"Connected App","metadataUpdated":false,"relations":[],"children":[]}],"advancedFilters":[],"filters":[],"fieldMaps":[{"@type":"fieldMap","id":"34381463","targetField":{"@type":"field","id":162801387,"name":"Id","type":"nstring","uniqueName":"Id","label":"Id","parentObject":"ConnectedApplication.csv","pcType":"UNISTRING","precision":255,"scale":0,"columnIndex":0,"isKey":false,"isExternalId":false,"isSfIdLookup":false,"isNullable":true,"isUnique":false,"isCreateable":false,"isUpdateable":true,"isFilterable":true,"isCalculated":false,"showLabel":false,"naturalOrder":0,"linkedFields":["Id"],"relatedInfos":[],"references":[]},"expression":"Id"},{"@type":"fieldMap","id":"34381465","targetField":{"@type":"field","id":162801389,"name":"Name","type":"nstring","uniqueName":"Name","label":"Name","parentObject":"ConnectedApplication.csv","pcType":"UNISTRING","precision":255,"scale":0,"columnIndex":1,"isKey":false,"isExternalId":false,"isSfIdLookup":false,"isNullable":true,"isUnique":false,"isCreateable":false,"isUpdateable":true,"isFilterable":true,"isCalculated":false,"showLabel":false,"naturalOrder":0,"linkedFields":["Name"],"relatedInfos":[],"references":[]},"expression":"Name"},{"@type":"fieldMap","id":"34381467","targetField":{"@type":"field","id":162801391,"name":"CreatedDate","type":"nstring","uniqueName":"CreatedDate","label":"CreatedDate","parentObject":"ConnectedApplication.csv","pcType":"UNISTRING","precision":255,"scale":0,"columnIndex":2,"isKey":false,"isExternalId":false,"isSfIdLookup":false,"isNullable":true,"isUnique":false,"isCreateable":false,"isUpdateable":true,"isFilterable":true,"isCalculated":false,"showLabel":false,"naturalOrder":0,"linkedFields":["CreatedDate"],"relatedInfos":[],"references":[]},"expression":"CreatedDate"},{"@type":"fieldMap","id":"34381469","targetField":{"@type":"field","id":162801393,"name":"CreatedById","type":"nstring","uniqueName":"CreatedById","label":"CreatedById","parentObject":"ConnectedApplication.csv","pcType":"UNISTRING","precision":255,"scale":0,"columnIndex":3,"isKey":false,"isExternalId":false,"isSfIdLookup":false,"isNullable":true,"isUnique":false,"isCreateable":false,"isUpdateable":true,"isFilterable":true,"isCalculated":false,"showLabel":false,"naturalOrder":0,"linkedFields":["CreatedById"],"relatedInfos":[],"references":[]},"expression":"CreatedById"},{"@type":"fieldMap","id":"34381471","targetField":{"@type":"field","id":162801395,"name":"LastModifiedDate","type":"nstring","uniqueName":"LastModifiedDate","label":"LastModifiedDate","parentObject":"ConnectedApplication.csv","pcType":"UNISTRING","precision":255,"scale":0,"columnIndex":4,"isKey":false,"isExternalId":false,"isSfIdLookup":false,"isNullable":true,"isUnique":false,"isCreateable":false,"isUpdateable":true,"isFilterable":true,"isCalculated":false,"showLabel":false,"naturalOrder":0,"linkedFields":["LastModifiedDate"],"relatedInfos":[],"references":[]},"expression":"LastModifiedDate"},{"@type":"fieldMap","id":"34381473","targetField":{"@type":"field","id":162801397,"name":"LastModifiedById","type":"nstring","uniqueName":"LastModifiedById","label":"LastModifiedById","parentObject":"ConnectedApplication.csv","pcType":"UNISTRING","precision":255,"scale":0,"columnIndex":5,"isKey":false,"isExternalId":false,"isSfIdLookup":false,"isNullable":true,"isUnique":false,"isCreateable":false,"isUpdateable":true,"isFilterable":true,"isCalculated":false,"showLabel":false,"naturalOrder":0,"linkedFields":["LastModifiedById"],"relatedInfos":[],"references":[]},"expression":"LastModifiedById"},{"@type":"fieldMap","id":"34381475","targetField":{"@type":"field","id":162801399,"name":"SystemModstamp","type":"nstring","uniqueName":"SystemModstamp","label":"SystemModstamp","parentObject":"ConnectedApplication.csv","pcType":"UNISTRING","precision":255,"scale":0,"columnIndex":6,"isKey":false,"isExternalId":false,"isSfIdLookup":false,"isNullable":true,"isUnique":false,"isCreateable":false,"isUpdateable":true,"isFilterable":true,"isCalculated":false,"showLabel":false,"naturalOrder":0,"linkedFields":["SystemModstamp"],"relatedInfos":[],"references":[]},"expression":"SystemModstamp"},{"@type":"fieldMap","id":"34381477","targetField":{"@type":"field","id":162801401,"name":"OptionsAllowAdminApprovedUsersOnly","type":"nstring","uniqueName":"OptionsAllowAdminApprovedUsersOnly","label":"OptionsAllowAdminApprovedUsersOnly","parentObject":"ConnectedApplication.csv","pcType":"UNISTRING","precision":255,"scale":0,"columnIndex":7,"isKey":false,"isExternalId":false,"isSfIdLookup":false,"isNullable":true,"isUnique":false,"isCreateable":false,"isUpdateable":true,"isFilterable":true,"isCalculated":false,"showLabel":false,"naturalOrder":0,"linkedFields":["OptionsAllowAdminApprovedUsersOnly"],"relatedInfos":[],"references":[]},"expression":"OptionsAllowAdminApprovedUsersOnly"},{"@type":"fieldMap","id":"34381479","targetField":{"@type":"field","id":162801403,"name":"OptionsRefreshTokenValidityMetric","type":"nstring","uniqueName":"OptionsRefreshTokenValidityMetric","label":"OptionsRefreshTokenValidityMetric","parentObject":"ConnectedApplication.csv","pcType":"UNISTRING","precision":255,"scale":0,"columnIndex":8,"isKey":false,"isExternalId":false,"isSfIdLookup":false,"isNullable":true,"isUnique":false,"isCreateable":false,"isUpdateable":true,"isFilterable":true,"isCalculated":false,"showLabel":false,"naturalOrder":0,"linkedFields":["OptionsRefreshTokenValidityMetric"],"relatedInfos":[],"references":[]},"expression":"OptionsRefreshTokenValidityMetric"},{"@type":"fieldMap","id":"34381481","targetField":{"@type":"field","id":162801405,"name":"OptionsHasSessionLevelPolicy","type":"nstring","uniqueName":"OptionsHasSessionLevelPolicy","label":"OptionsHasSessionLevelPolicy","parentObject":"ConnectedApplication.csv","pcType":"UNISTRING","precision":255,"scale":0,"columnIndex":9,"isKey":false,"isExternalId":false,"isSfIdLookup":false,"isNullable":true,"isUnique":false,"isCreateable":false,"isUpdateable":true,"isFilterable":true,"isCalculated":false,"showLabel":false,"naturalOrder":0,"linkedFields":["OptionsHasSessionLevelPolicy"],"relatedInfos":[],"references":[]},"expression":"OptionsHasSessionLevelPolicy"},{"@type":"fieldMap","id":"34381483","targetField":{"@type":"field","id":162801407,"name":"OptionsIsInternal","type":"nstring","uniqueName":"OptionsIsInternal","label":"OptionsIsInternal","parentObject":"ConnectedApplication.csv","pcType":"UNISTRING","precision":255,"scale":0,"columnIndex":10,"isKey":false,"isExternalId":false,"isSfIdLookup":false,"isNullable":true,"isUnique":false,"isCreateable":false,"isUpdateable":true,"isFilterable":true,"isCalculated":false,"showLabel":false,"naturalOrder":0,"linkedFields":["OptionsIsInternal"],"relatedInfos":[],"references":[]},"expression":"OptionsIsInternal"},{"@type":"fieldMap","id":"34381485","targetField":{"@type":"field","id":162801409,"name":"MobileSessionTimeout","type":"nstring","uniqueName":"MobileSessionTimeout","label":"MobileSessionTimeout","parentObject":"ConnectedApplication.csv","pcType":"UNISTRING","precision":255,"scale":0,"columnIndex":11,"isKey":false,"isExternalId":false,"isSfIdLookup":false,"isNullable":true,"isUnique":false,"isCreateable":false,"isUpdateable":true,"isFilterable":true,"isCalculated":false,"showLabel":false,"naturalOrder":0,"linkedFields":["MobileSessionTimeout"],"relatedInfos":[],"references":[]},"expression":"MobileSessionTimeout"},{"@type":"fieldMap","id":"34381487","targetField":{"@type":"field","id":162801411,"name":"PinLength","type":"nstring","uniqueName":"PinLength","label":"PinLength","parentObject":"ConnectedApplication.csv","pcType":"UNISTRING","precision":255,"scale":0,"columnIndex":12,"isKey":false,"isExternalId":false,"isSfIdLookup":false,"isNullable":true,"isUnique":false,"isCreateable":false,"isUpdateable":true,"isFilterable":true,"isCalculated":false,"showLabel":false,"naturalOrder":0,"linkedFields":["PinLength"],"relatedInfos":[],"references":[]},"expression":"PinLength"},{"@type":"fieldMap","id":"34381489","targetField":{"@type":"field","id":162801413,"name":"StartUrl","type":"nstring","uniqueName":"StartUrl","label":"StartUrl","parentObject":"ConnectedApplication.csv","pcType":"UNISTRING","precision":255,"scale":0,"columnIndex":13,"isKey":false,"isExternalId":false,"isSfIdLookup":false,"isNullable":true,"isUnique":false,"isCreateable":false,"isUpdateable":true,"isFilterable":true,"isCalculated":false,"showLabel":false,"naturalOrder":0,"linkedFields":["StartUrl"],"relatedInfos":[],"references":[]},"expression":"StartUrl"},{"@type":"fieldMap","id":"34381491","targetField":{"@type":"field","id":162801415,"name":"MobileStartUrl","type":"nstring","uniqueName":"MobileStartUrl","label":"MobileStartUrl","parentObject":"ConnectedApplication.csv","pcType":"UNISTRING","precision":255,"scale":0,"columnIndex":14,"isKey":false,"isExternalId":false,"isSfIdLookup":false,"isNullable":true,"isUnique":false,"isCreateable":false,"isUpdateable":true,"isFilterable":true,"isCalculated":false,"showLabel":false,"naturalOrder":0,"linkedFields":["MobileStartUrl"],"relatedInfos":[],"references":[]},"expression":"MobileStartUrl"},{"@type":"fieldMap","id":"34381493","targetField":{"@type":"field","id":162801417,"name":"RefreshTokenValidityPeriod","type":"nstring","uniqueName":"RefreshTokenValidityPeriod","label":"RefreshTokenValidityPeriod","parentObject":"ConnectedApplication.csv","pcType":"UNISTRING","precision":255,"scale":0,"columnIndex":15,"isKey":false,"isExternalId":false,"isSfIdLookup":false,"isNullable":true,"isUnique":false,"isCreateable":false,"isUpdateable":true,"isFilterable":true,"isCalculated":false,"showLabel":false,"naturalOrder":0,"linkedFields":["RefreshTokenValidityPeriod"],"relatedInfos":[],"references":[]},"expression":"RefreshTokenValidityPeriod"}],"sourceFields":[{"@type":"field","id":161746637,"name":"Id","type":"nstring","uniqueName":"Id","label":"Connected App ID","parentObject":"ConnectedApplication","pcType":"UNISTRING","precision":255,"scale":0,"columnIndex":0,"isKey":true,"isExternalId":false,"isSfIdLookup":true,"isNullable":false,"isUnique":false,"isCreateable":false,"isUpdateable":false,"isFilterable":true,"isCalculated":false,"showLabel":true,"naturalOrder":0,"linkedFields":["Id"],"relatedInfos":[],"references":[]},{"@type":"field","id":161746639,"name":"Name","type":"nstring","uniqueName":"Name","label":"Connected App Name","parentObject":"ConnectedApplication","pcType":"UNISTRING","precision":255,"scale":0,"columnIndex":1,"isKey":false,"isExternalId":false,"isSfIdLookup":true,"isNullable":false,"isUnique":false,"isCreateable":false,"isUpdateable":false,"isFilterable":true,"isCalculated":false,"showLabel":true,"naturalOrder":1,"linkedFields":["Name"],"relatedInfos":[],"references":[]},{"@type":"field","id":161746641,"name":"CreatedDate","type":"nstring","uniqueName":"CreatedDate","label":"Created Date","parentObject":"ConnectedApplication","pcType":"UNISTRING","precision":255,"scale":0,"columnIndex":2,"isKey":false,"isExternalId":false,"isSfIdLookup":false,"isNullable":false,"isUnique":false,"isCreateable":false,"isUpdateable":false,"isFilterable":true,"isCalculated":false,"showLabel":true,"naturalOrder":2,"linkedFields":["CreatedDate"],"relatedInfos":[],"references":[]},{"@type":"field","id":161746643,"name":"CreatedById","type":"nstring","uniqueName":"CreatedById","label":"Created By ID","parentObject":"ConnectedApplication","pcType":"UNISTRING","precision":255,"scale":0,"columnIndex":3,"isKey":false,"isExternalId":false,"isSfIdLookup":false,"isNullable":false,"isUnique":false,"isCreateable":false,"isUpdateable":false,"isFilterable":true,"isCalculated":false,"showLabel":true,"naturalOrder":3,"linkedFields":["CreatedById"],"relatedInfos":[{"@type":"fieldRelatedInfo","id":5215491,"referenceObject":"User","relationshipName":"CreatedBy","referenceField":{"@type":"field","id":-1,"precision":0,"scale":0,"columnIndex":-1,"isKey":false,"isExternalId":false,"isSfIdLookup":false,"isNullable":true,"isUnique":false,"isCreateable":false,"isUpdateable":true,"isFilterable":true,"isCalculated":false,"showLabel":true,"naturalOrder":0,"linkedFields":[],"relatedInfos":[],"references":[]}}],"references":[]},{"@type":"field","id":161746645,"name":"LastModifiedDate","type":"nstring","uniqueName":"LastModifiedDate","label":"Last Modified Date","parentObject":"ConnectedApplication","pcType":"UNISTRING","precision":255,"scale":0,"columnIndex":4,"isKey":false,"isExternalId":false,"isSfIdLookup":false,"isNullable":false,"isUnique":false,"isCreateable":false,"isUpdateable":false,"isFilterable":true,"isCalculated":false,"showLabel":true,"naturalOrder":4,"linkedFields":["LastModifiedDate"],"relatedInfos":[],"references":[]},{"@type":"field","id":161746647,"name":"LastModifiedById","type":"nstring","uniqueName":"LastModifiedById","label":"Last Modified By ID","parentObject":"ConnectedApplication","pcType":"UNISTRING","precision":255,"scale":0,"columnIndex":5,"isKey":false,"isExternalId":false,"isSfIdLookup":false,"isNullable":false,"isUnique":false,"isCreateable":false,"isUpdateable":false,"isFilterable":true,"isCalculated":false,"showLabel":true,"naturalOrder":5,"linkedFields":["LastModifiedById"],"relatedInfos":[{"@type":"fieldRelatedInfo","id":5215493,"referenceObject":"User","relationshipName":"LastModifiedBy","referenceField":{"@type":"field","id":-1,"precision":0,"scale":0,"columnIndex":-1,"isKey":false,"isExternalId":false,"isSfIdLookup":false,"isNullable":true,"isUnique":false,"isCreateable":false,"isUpdateable":true,"isFilterable":true,"isCalculated":false,"showLabel":true,"naturalOrder":0,"linkedFields":[],"relatedInfos":[],"references":[]}}],"references":[]},{"@type":"field","id":161746649,"name":"SystemModstamp","type":"nstring","uniqueName":"SystemModstamp","label":"System Modstamp","parentObject":"ConnectedApplication","pcType":"UNISTRING","precision":255,"scale":0,"columnIndex":6,"isKey":false,"isExternalId":false,"isSfIdLookup":false,"isNullable":false,"isUnique":false,"isCreateable":false,"isUpdateable":false,"isFilterable":true,"isCalculated":false,"showLabel":true,"naturalOrder":6,"linkedFields":["SystemModstamp"],"relatedInfos":[],"references":[]},{"@type":"field","id":161746651,"name":"OptionsAllowAdminApprovedUsersOnly","type":"nstring","uniqueName":"OptionsAllowAdminApprovedUsersOnly","label":"AllowAdminApprovedUsersOnly","parentObject":"ConnectedApplication","pcType":"UNISTRING","precision":255,"scale":0,"columnIndex":7,"isKey":false,"isExternalId":false,"isSfIdLookup":false,"isNullable":false,"isUnique":false,"isCreateable":false,"isUpdateable":false,"isFilterable":true,"isCalculated":false,"showLabel":true,"naturalOrder":7,"linkedFields":["OptionsAllowAdminApprovedUsersOnly"],"relatedInfos":[],"references":[]},{"@type":"field","id":161746653,"name":"OptionsRefreshTokenValidityMetric","type":"nstring","uniqueName":"OptionsRefreshTokenValidityMetric","label":"RefreshTokenValidityMetric","parentObject":"ConnectedApplication","pcType":"UNISTRING","precision":255,"scale":0,"columnIndex":8,"isKey":false,"isExternalId":false,"isSfIdLookup":false,"isNullable":false,"isUnique":false,"isCreateable":false,"isUpdateable":false,"isFilterable":true,"isCalculated":false,"showLabel":true,"naturalOrder":8,"linkedFields":["OptionsRefreshTokenValidityMetric"],"relatedInfos":[],"references":[]},{"@type":"field","id":161746655,"name":"OptionsHasSessionLevelPolicy","type":"nstring","uniqueName":"OptionsHasSessionLevelPolicy","label":"HasSessionLevelPolicy","parentObject":"ConnectedApplication","pcType":"UNISTRING","precision":255,"scale":0,"columnIndex":9,"isKey":false,"isExternalId":false,"isSfIdLookup":false,"isNullable":false,"isUnique":false,"isCreateable":false,"isUpdateable":false,"isFilterable":true,"isCalculated":false,"showLabel":true,"naturalOrder":9,"linkedFields":["OptionsHasSessionLevelPolicy"],"relatedInfos":[],"references":[]},{"@type":"field","id":161746657,"name":"OptionsIsInternal","type":"nstring","uniqueName":"OptionsIsInternal","label":"isInternal","parentObject":"ConnectedApplication","pcType":"UNISTRING","precision":255,"scale":0,"columnIndex":10,"isKey":false,"isExternalId":false,"isSfIdLookup":false,"isNullable":false,"isUnique":false,"isCreateable":false,"isUpdateable":false,"isFilterable":true,"isCalculated":false,"showLabel":true,"naturalOrder":10,"linkedFields":["OptionsIsInternal"],"relatedInfos":[],"references":[]},{"@type":"field","id":161746659,"name":"MobileSessionTimeout","type":"nstring","uniqueName":"MobileSessionTimeout","label":"Require PIN after:","parentObject":"ConnectedApplication","pcType":"UNISTRING","precision":255,"scale":0,"columnIndex":11,"isKey":false,"isExternalId":false,"isSfIdLookup":false,"isNullable":true,"isUnique":false,"isCreateable":false,"isUpdateable":false,"isFilterable":true,"isCalculated":false,"showLabel":true,"naturalOrder":11,"linkedFields":["MobileSessionTimeout"],"relatedInfos":[],"references":[]},{"@type":"field","id":161746661,"name":"PinLength","type":"nstring","uniqueName":"PinLength","label":"Pin Length","parentObject":"ConnectedApplication","pcType":"UNISTRING","precision":255,"scale":0,"columnIndex":12,"isKey":false,"isExternalId":false,"isSfIdLookup":false,"isNullable":true,"isUnique":false,"isCreateable":false,"isUpdateable":false,"isFilterable":true,"isCalculated":false,"showLabel":true,"naturalOrder":12,"linkedFields":["PinLength"],"relatedInfos":[],"references":[]},{"@type":"field","id":161746663,"name":"StartUrl","type":"nstring","uniqueName":"StartUrl","label":"Start URL","parentObject":"ConnectedApplication","pcType":"UNISTRING","precision":255,"scale":0,"columnIndex":13,"isKey":false,"isExternalId":false,"isSfIdLookup":false,"isNullable":true,"isUnique":false,"isCreateable":false,"isUpdateable":false,"isFilterable":true,"isCalculated":false,"showLabel":true,"naturalOrder":13,"linkedFields":["StartUrl"],"relatedInfos":[],"references":[]},{"@type":"field","id":161746665,"name":"MobileStartUrl","type":"nstring","uniqueName":"MobileStartUrl","label":"Mobile Start URL","parentObject":"ConnectedApplication","pcType":"UNISTRING","precision":255,"scale":0,"columnIndex":14,"isKey":false,"isExternalId":false,"isSfIdLookup":false,"isNullable":true,"isUnique":false,"isCreateable":false,"isUpdateable":false,"isFilterable":true,"isCalculated":false,"showLabel":true,"naturalOrder":14,"linkedFields":["MobileStartUrl"],"relatedInfos":[],"references":[]},{"@type":"field","id":161746667,"name":"RefreshTokenValidityPeriod","type":"nstring","uniqueName":"RefreshTokenValidityPeriod","label":"Refresh Token Policy:","parentObject":"ConnectedApplication","pcType":"UNISTRING","precision":255,"scale":0,"columnIndex":15,"isKey":false,"isExternalId":false,"isSfIdLookup":false,"isNullable":true,"isUnique":false,"isCreateable":false,"isUpdateable":false,"isFilterable":true,"isCalculated":false,"showLabel":true,"naturalOrder":15,"linkedFields":["RefreshTokenValidityPeriod"],"relatedInfos":[],"references":[]}],"sortFields":[],"groupFields":[]}]